ID,Title,DueDate,Completed
1,"successful activity","2021-06-23T23:42:15.431Z",true
2,"failed activity","2021-06-23T23:42:15.431Z",false
3,"unacceptable activity","2021-06-23T23:42:15.431Z",true
4,"suspicious activity","2021-06-23T23:42:15.431Z",false
5,"unknown activity","2021-06-23T23:42:15.431Z",true
6,"successful activity","2021-06-23T23:42:15.431Z",true
7,"good activity","2021-06-23T23:42:15.431Z",true
8,"bogus activity","2021-06-23T23:42:15.431Z",true
9,"bad activity","2021-06-23T23:42:15.431Z",false
10,"super activity","2021-06-23T23:42:15.431Z",false