ID,Title,Description,PageCount,Excerpt,PublishDate
1,"first book","first book",20,"yes and no","2021-06-24T21:20:12.431Z"
2,"second book","second book",30,"no and yes","2021-06-24T21:20:12.431Z"
3,"third book","third book",40,"yes and no","2021-06-24T21:20:12.431Z"
4,"forth book","forth book",30,"no and yes","2021-06-24T21:20:12.431Z"
5,"fifth book","fifth book",90,"yes and no","2021-06-24T21:20:12.431Z"
6,"sixth book","sixth book",80,"no and yes","2021-06-24T21:20:12.431Z"
7,"seventh book","seventh book",50,"yes and no","2021-06-24T21:20:12.431Z"
8,"eighth book","eighth book",75,"no and yes","2021-06-24T21:20:12.431Z"
9,"ninth book","ninth book",55,"yes and no","2021-06-24T21:20:12.431Z"
10,"tenth book","tenth book",33,"no and yes","2021-06-24T21:20:12.431Z"